id,name,leaders,baseLocation,allocation,lat,lng,reached,bornAgain,spirit,materials,updated
rise-student-living-cell,Rise Student Living Cell,Sibongile Portia Makaya,Cape Town CBD,"Rise Student Living Residence area, CPUT District Six Campus and surrounding residences and areas.",,,0,0,0,0,
etf,ETF,Tendayi Kunaka,Southern Suburbs – Rondebosch,"UCT Campuses, Rosebank College, & Rondebosch",,,0,0,0,0,
the-beloved-of-god,The Beloved of God,Micheal Musamba,Belhar,UWC Campus to UNISA Parow,,,0,0,0,0,
young-professionals-cell,Young Professionals Cell,Dr. Ian Mbano,Southern Suburbs,"Capsicum Culinary Studio, International Hotel School, via Old Biscuit Mill route to Woodstock",,,0,0,0,0,
grace-abound,Grace Abound,Tawa Makudo,Mowbray,"CPUT Mowbray, Woodstock CPUT Residences to CPUT Campus District Six",,,0,0,0,0,
grace-upon-grace,Grace Upon Grace,Asanda Pezisa and Thabang Mofokeng,Observatory,Nyanga and Khayelitsha Community,,,0,0,0,0,
the-unlimited-cell-and-luminaries,The Unlimited Cell and Luminaries,Angel Siringwani and Calvin,Observatory,"Capsicum Culinary Studio, International Hotel School, vi Old Biscuit Mill route to Woodstock",,,0,0,0,0,
christ-in-us,Christ in us,Khomotso Lebopa,Town/Parow,"UWC Campus, NorthLink College and UNISA Parow",,,0,0,0,0,
light-of-glory,Light of Glory,Joseph Bernard Msukwa,Muizenberg,False Bay College Muizenberg to False Bay Fishhoek Campus,,,0,0,0,0,
flourish-cell,Flourish Cell,Hlubi Mvinjelwa,Mowbray,FEDISA Fashion School Cape Town and surrounding areas,,,0,0,0,0,
piomen,Piomen,Meinhold Speelman and Akim Chikunguwo,Woseley,Woseley,,,0,0,0,0,
mpwrd-code-rabah,MPWRD Code Rabah,Doreen Apollo,Observatory,Obz Square residence to Damelin College Observatory,,,0,0,0,0,
excellent-youth-cell,Excellent Youth Cell,Mihlali Madikane,"Observatory, Obs Square residence","Obz Square residence, Damelin College Observatory Area",,,0,0,0,0,
the-living-stones,The Living Stones,Kundai Chamunorwa,Strand,"Rise Student Living Residence area, CPUT District Six Campus and surrounding residences and areas.",,,0,0,0,0,
missionary-kings,Missionary Kings,Mbasa,Samora Machel,Samora Community,,,0,0,0,0,
blazing-inferno,Blazing Inferno,Mbali Mazoko and Piousness,Bellville,CPUT Bellville,,,0,0,0,0,
ceyc-fishoek,CEYC Fishoek,Liberty Manyaya,Fishoek,False Bay College Fishoek and Hout Bay,,,0,0,0,0,
ceyc-milnerton,CEYC Milnerton,Tawanda Gutu,Milnerton,Milnerton Community,,,0,0,0,0,
khayelitsha-fellowship,Khayelitsha Fellowship,Prosper,Khayelitsha,Khayelitsha Community,,,0,0,0,0,
angels-cell,Angels Cell,Afikile Magcakini,Woodstock,"CPUT Mowbray, Woodstock CPUT Residences to CPUT Campus District Six",,,0,0,0,0,
parklands-fellowship,Parklands Fellowship,Angel Siringwani,Parklands,Parklands Community,,,0,0,0,0,
